{
    "WEB_EXAM": "Web Exam",
    "FORGOT_PSWD": "パスワードをお忘れですか",
    "FORGOT_PSWD_PLEASE_CHECK_MAIL": "メールを確認してください",
    "FORGOT_PSWD_ENTER_VALID_MAIL": "正しいメールアドレスを入力してください",
    "FORGOT_PSWD_OPRN_FAILED": "パスワードを忘れた場合のリンクを送信できませんでした。",
    "FORGOT_PSWD_EMAIL": "Eメール",
    "FORGOT_PSWD_PLS_ENTER_VALID_EMAIL": "正しいメールアドレスを入力してください",
    "FORGOT_PSWD_EMAIL_REQRD": "メールは必須です*",
    "FORGOT_PSWD_LINK_SENT": "登録したメールアドレスにパスワードリセットリンクが送信されます。メールをご確認ください。",
    "FORGOT_PSWD_SUBMIT": "参加する",
    "FORGOT_PSWD_SENDING_MAIL": "メールを送信しています...",
    "FORGOT_PSWD_BACK": "ログインに戻る",
    "FORGOT_PSWD_LINK_INVALID_OR_TOKEN_EXPIRED": "リンクが無効であるか、トークンが期限切れです",
    "FORGOT_PSWD_RESET_SUCCESS": "パスワードをリセットしました",
    "FORGOT_PSWD_RESET_FAILED": "パスワードを変更できませんでした",
    "FORGOT_PASSWORD_LINK_INVALID_OR_TOKEN_EXPIRED": "パスワードリセットリンクが無効であるか、期限が切れています",
    "RESET_YOUR_PSWD": "あなたのパスワードをリセット",
    "PLEASE_ENTER_STRONG_PSWD": "強力なパスワードを入力してください",
    "PSWD_REQUIRED": "パスワードが必要*",
    "FORGOT_PSWD_ENTER_NEW_PASSWORD": "新しいパスワードを入力してください",
    "FORGOT_PSWD_CONFIRM_PASSWORD": "パスワードを認証する",

    "USER_MANAGEMENT_TITLE": "ユーザー管理",
    "USER_MANAGEMENT_TABLE_HEAD_NAME": "名前",
    "USER_MANAGEMENT_TABLE_HEAD_LAST_LOGIN": "前回のログイン",
    "USER_MANAGEMENT_TABLE_HEAD_ROLE": "権限",
    "USER_MANAGEMENT_ACTION_ADD": "追加",
    "USER_MANAGEMENT_ACTION_EDIT": "編集",
    "USER_MANAGEMENT_ACTION_DELETE": "削除する",
    "USER_MANAGEMENT_USER_DETAILS_NOT_AVAILABLE": "ユーザーの詳細は利用できません",
    "USER_MANAGEMENT_USER_ADDED_SUCCESSFULLY": "ユーザーが作成されました。",
    "USER_MANAGEMENT_USER_CREATION_FAILED": "ユーザーの作成に失敗しました",
    "USER_MANAGEMENT_USER_UPDATED_SUCCESSFULLY": "ユーザーが正常に更新されました",
    "USER_MANAGEMENT_USER_UPDATION_FAILED": "ユーザーの更新に失敗しました",
    "USER_MANAGEMENT_DO_YOU_WANT_TO_DELETE_USER ": "ユーザーを削除しますか",
    "USER_MANAGEMENT_USER_DELETED_SUCCESSFULLY": "ユーザーが正常に削除されました",
    "USER_MANAGEMENT_USERADD_TITLE": "ユーザーを追加する",
    "USER_MANAGEMENT_USEREDIT_TITLE": "ユーザーを編集",
    "USER_MANAGEMENT_USERADD_USER_DETAILS": "ユーザーの詳細",
    "USER_MANAGEMENT_USERADD_USER_NAME ": "ユーザー名",
    "USER_MANAGEMENT_USERADD_PLEASE_ENTER_VALID_USERNAME": "有効なユーザー名を入力してください",
    "USER_MANAGEMENT_USERADD_SELECT_ROLE": "ロールを選択",
    "USER_MANAGEMENT_USERADD_NAME": "名前",
    "USER_MANAGEMENT_USERADD_PLEASE_ENTER_VALID_NAME": "有効な名前を入力してください",
    "USER_MANAGEMENT_USERADD_EMAIL": "Eメール",
    "USER_MANAGEMENT_USERADD_PLEASE_ENTER_VALID_EMAIL_ID": "正しいメールアドレスを入力してください",
    "USER_MANAGEMENT_USERADD_PASSWORD": "パスワード",
    "USER_MANAGEMENT_USERADD_PLEASE_ENTER_VALID_PASSWORD": "有効なパスワードを入力して下さい",
    "USER_MANAGEMENT_USERADD_SELECT_STATUS": "ステータスを選択",
    "USER_MANAGEMENT_USERADD_PLEASE_SELECT_STATUS": "ステータスを選択してください",
    "USER_ROLE_SUPER_ADMIN": "スーパー管理者",
    "USER_STATUS_UNLOCK": "ロックを解除",
    "USER_STATUS_LOCK": "ロック",
    "USER_DELETE_THIS_USER": "このユーザーを削除しますか？",
    "USER_USER_LIST": "ユーザーリスト",
    "USER_CREATE_USER": "ユーザを作成",
    "USER_USERNAME": "ユーザ名",
    "USER_CREATED_DATE": "作成日",
    "USER_USER": "ユーザ",
    "USER_ADMIN": "管理者",
    "USER_ROLE_REQUIRED": "役割が必要です",
    "USER_FIRSTNAME": "名",
    "USER_FIRSTNAME_REQUIRED": "名は必須です",
    "USER_FIRSTNAME_MIN_5_CHARACTER": "名は5文字以上にしてください。",
    "USER_FIRSTNAME_MAX_128_CHARACTER": "名は最大128文字です。",
    "USER_LASTNAME": "姓",
    "USER_LASTNAME_MAX_128_CHARACTER": "姓が許可されている最大数を超えています",
    "USER_FAILED_SAVE_USER": "ユーザーを保存できませんでした",
    "USER_UPDATE_USER": "ユーザーを更新",
    "USER_RESET_PASSWORD": "パスワードを再設定する",
    "USER_FAILED_UPDATE_USER": "ユーザーを更新できませんでした",
    "USER_GENERATE": "生む",
    "USER_RESET": "リセット",
    "USER_ACTIONS": "アクション",
    "USER_RESET_PASSWORD_SUCCESS": "パスワードをリセットしました",
    "USER_RESET_PASSWORD_FAILED": "パスワードをリセットできませんでした",

    "COMMON_From": "開始日",
    "COMMON_TO": "終了日",
    "COMMON_CHOOSE_DATE": "日付を選択してください",
    "COMMON_DATA_NOT_AVAILABLE": "データが見つかりませんでした。",
    "COMMON_PLEASE_ENTER_VALID_FROM_DATE": "有効な開始日を入力してください。",
    "COMMON_PLEASE_ENTER_VALID_FROM_TIME": "有効な開始時刻を入力してください",
    "COMMON_PLEASE_ENTER_VALID_TO_DATE": "有効な日付を入力してください",
    "COMMON_PLEASE_ENTER_VALID_TO_TIME": "有効期限を入力してください",
    "COMMON_ACTION_SAVE": "保存",
    "COMMON_ACTION_UPDATE": "更新",
    "COMMON_ACTION_CANCEL": "キャンセル",
    "COMMON_ACTION_UPLOAD": "アップロードする",
    "COMMON_HEAD_TITLE_DATE": "日付",
    "COMMON_SEARCH": "検索",
    "COMMON_SUCCESS": "成功",
    "COMMON_ACTION_SELECT": "選択する",
    "COPY": "コピーする",
    "ID": "ID",
    "SEARCH": "検索",
    "EDIT": "編集",
    "CANCEL": "キャンセル",
    "SAVE": "保存",
    "UPLOADING": "アップロードしています ...",
    "DELETE_POPUP_TITLE": "削除",
    "DELETE_POPUP_OK": "OK",
    "DELETE_POPUP_CANCEL": "キャンセル",
    "CHANGE_PWD_TITLE": "パスワードを変更する",
    "CHANGE_PWD_SUCCESS": "パスワードは正常に変更されました",
    "CHANGE_PWD_FAIL": "パスワードを変更できませんでした",
    "CHANGE_PWD_CURRENT_PWD_PLACEHOLDER": "現在のパスワード",
    "CHANGE_PWD_NEW_PWD_PLACEHOLDER": "新しいパスワード",
    "CHANGE_PWD_REQUIRED": "パスワードが必要*",
    "CHANGE_PWD_VALID": "有効なパスワードを入力して下さい",
    "CHANGE_PWD_NEW_PWD_PATTERN_VALIDATION": "パスワードは8文字以上の英数字で、少なくとも1文字は大文字にする必要があります",
    "CHANGE_PWD_NEW_PWD_CTRL_VALIDATION": "制御文字は使用できません",
    "CHANGE_PWD_CONFIRM_PWD_PLACEHOLDER": "新しいパスワードを確認",
    "CONFIRM_PWD_PLACEHOLDER": "パスワードを認証する",
    "CONFIRM_PWD_REQUIRED": "有効なパスワードを入力してください",
    "CONFIRM_PWD_VALID": "有効なパスワードを入力して下さい",
    "COMMON_PAGE_NOT_FOUND": "ページが見つかりません！",
    "COMMON_PAGE_EXPIRED": "ページの有効期限が切れています！",
    "COMMON_FORBIDDEN": "禁じられた",
    "COMMON_FORBIDDEN_MSG": "アクセスする権限がありません",
    "COMMON_HOME": "ホーム",
    "COMMON_ACTIONS": "Actions",
    "COMMON_SL_NO": "No",


    "LOGIN_SIGN_IN_TO_ACCOUNT": "サインイン",
    "LOGIN_INVALID_CREDENTIALS": "無効な資格情報",
    "LOGIN_PLEASE_ENTER_A_VALID_EMAIL": "正しいメールアドレスを入力してください",
    "LOGIN_EMAIL_REQUIRED": "メールが必要です*",
    "LOGIN_SUBMIT": "ログイン",
    "INDEX_ROLL": "ロール",
    "INDEX_SCHEDULE": "スケジュール",
    "INDEX_CONTENT": "クリエイティブ",
    "INDEX_REPORT": "レポート",
    "INDEX_ADPROVIDER": "企業名",
    "INDEX_CAMPAIGN": "キャンペーン",
    "INDEX_DEVICE": "デバイス管理",
    "INDEX_TYPE": "タイプ",
    "INDEX_COMPANY": "会社",
    "INDEX_AREA": "エリア",
    "INDEX_USER": "ユーザ管理",
    "INDEX_FARE_TABLE": "配信先情報管理",
    "INDEX_MENU": "メニュー",
    "INDEX_LOGOUT": "ログアウト",
    "INDEX_SYSTEM": "システム管理",
    "INDEX_MGMNT": "管理系メニュー",
    "INDEX_CATEGORY": "カテゴリー",

    "EXAM_LIST": "Exam List",
    "EXAM_CREATE_EXAM": "Create Exam",
    "EXAM_TITLE": "Title",
    "EXAM_QUESTION_COUNT": "Question Count",
    "EXAM_DURATION": "Duration",
    "EXAM_PREVIEW": "Preview",
    "EXAM_COPY": "Copy",
    "EXAM_REPORT": "Report"

    }